ObjectID,GlobalID,Name of the Data Collector:,Date and Time of the Survey Entry:,Latitude:,Longitude:,Altitude:,Horizontal Accuracy (hdop):,Vertical Accuracy (vdop):,What is the name of the tree?,CalTreetype,Class:,Caltreeorigin,Native:,The Health Estimate of the Observed Tree:,On a scale from 1-10: (Percent of total),The Height Estimate of the Observed Tree:,The Crown Spread Estimate of the Observed Tree:,Circumference of the Observed Tree at 1.4m height:,Diameter at Breast Height (DBH) of the Observed Tree:,Select the Appropriate Flags:,Additional Comments:,CreationDate,Creator,EditDate,Editor,x,y
12,94f09f19-5914-40a9-b518-d799f85351a0,1,11/6/2023 3:38:00 PM,44.34020333333333,-78.74162500000001,275.8,2,100,170,Conifer,Conifer,Native,Native,2,10,10,6.5,1.42,0.45200003838098274,"6,4","Overall, the tree is in good condition. Trimming is required in a few places.",11/6/2023 3:45:52 PM,nchenell@flemingcollege.ca_Fleming,11/6/2023 3:45:52 PM,nchenell@flemingcollege.ca_Fleming,-78.741625,44.3402033333333
13,f88970a0-0052-443a-b11a-a49d32f9f984,1,11/6/2023 3:47:00 PM,44.340136666666666,-78.742285,264.1,1.7000000476837158,3.5999999046325684,189,Conifer,Conifer,Native,Native,2,10,8,6,0.8,0.25464790894703254,8,Tree is in very good condition.,11/6/2023 3:49:39 PM,nchenell@flemingcollege.ca_Fleming,11/6/2023 3:49:39 PM,nchenell@flemingcollege.ca_Fleming,-78.742285,44.3401366666667
14,1cc3cd70-62e7-4132-9f61-201c0c5b613a,1,11/6/2023 3:50:00 PM,44.34025,-78.74288833333334,266,1.5,3.700000047683716,21,Deciduous,Deciduous,Native,Native,1,10,6.7,7,0.6,0.1909859317102744,8,Overall health of the tree is in good shape,11/6/2023 3:52:49 PM,nchenell@flemingcollege.ca_Fleming,11/6/2023 3:52:49 PM,nchenell@flemingcollege.ca_Fleming,-78.7428883333333,44.34025
15,06d4a027-dd3a-4203-95b8-74f14997c527,1,11/6/2023 3:53:00 PM,44.339965,-78.74424166666667,264.2,1.600000023841858,3.5999999046325684,184,Conifer,Conifer,Introduced,Introduced,2,10,5.8,4.3,0.6,0.1909859317102744,"3,4",There is an evedence of physical damage,11/6/2023 3:57:09 PM,nchenell@flemingcollege.ca_Fleming,11/6/2023 3:57:09 PM,nchenell@flemingcollege.ca_Fleming,-78.7442416666667,44.339965
16,8c0e6663-1dfa-42a9-9a0e-c19452369839,1,11/6/2023 3:57:00 PM,44.33989499999999,-78.74423833333334,266.7,1.7999999523162842,3.799999952316284,184,Conifer,Conifer,Introduced,Introduced,1,0,6.2,5.7,0.6,0.1909859317102744,8,Evidence of physical damage,11/6/2023 3:59:11 PM,nchenell@flemingcollege.ca_Fleming,11/6/2023 3:59:11 PM,nchenell@flemingcollege.ca_Fleming,-78.7442383333333,44.339895
17,5b9c6580-4dfa-4c84-b1da-16befd30d9ef,1,11/6/2023 4:01:00 PM,44.339666666666666,-78.74441666666667,265.5,1.7000000476837158,4,184,Conifer,Conifer,Introduced,Introduced,1,0,7.1,5.7,0.8,0.25464790894703254,3,Tree is in good condition,11/6/2023 4:03:56 PM,nchenell@flemingcollege.ca_Fleming,11/6/2023 4:03:56 PM,nchenell@flemingcollege.ca_Fleming,-78.7444166666667,44.3396666666667
18,ba3a8aa9-5e0d-476a-b5c6-e76a41208cf6,1,11/6/2023 4:03:00 PM,44.33947666666666,-78.74477,264.8,1.600000023841858,3.9000000953674316,170,Conifer,Conifer,Native,Native,1,0,8.5,4.3,0.73,0.2323662169141672,4,Tree in good condition,11/6/2023 4:05:55 PM,nchenell@flemingcollege.ca_Fleming,11/6/2023 4:05:55 PM,nchenell@flemingcollege.ca_Fleming,-78.74477,44.3394766666667
19,c63068c4-9749-45e2-9096-57901f9798dd,1,11/6/2023 4:06:00 PM,44.33933666666667,-78.74477166666667,274.5,1.7999999523162842,7.5,184,Conifer,Conifer,Introduced,Introduced,2,0,6.2,4.7,0.6,0.1909859317102744,6,Evidence of physical damage,11/6/2023 4:08:04 PM,nchenell@flemingcollege.ca_Fleming,11/6/2023 4:08:04 PM,nchenell@flemingcollege.ca_Fleming,-78.7447716666667,44.3393366666667
20,d0a2a29e-9ae2-44a6-966d-cf54842183bf,1,11/6/2023 4:08:00 PM,44.339421666666674,-78.74449833333333,271,1.7000000476837158,3.5999999046325684,184,Conifer,Conifer,Introduced,Introduced,1,10,7.4,4.1,0.8,0.25464790894703254,8,Tree is in good shape,11/6/2023 4:10:11 PM,nchenell@flemingcollege.ca_Fleming,11/6/2023 4:10:11 PM,nchenell@flemingcollege.ca_Fleming,-78.7444983333333,44.3394216666667
21,a2a033bf-095b-4292-93ff-934bca01b8a3,4,11/6/2023 4:04:00 PM,44.3412917,-78.7470824,235.099990844727,46.25,2.4572436809539795,176,Conifer,Conifer,Native,Native,2,30,8.5,3.5,0.7,0.22281692032865347,8,Good condition,11/6/2023 4:11:39 PM,hetparm@flemingcollege.ca_Fleming,11/6/2023 4:11:39 PM,hetparm@flemingcollege.ca_Fleming,-78.7470824,44.3412917
22,34dcd1fe-871b-4b22-b025-a263e64d1b06,1,11/6/2023 4:11:00 PM,44.33915833333334,-78.74467666666666,277.1,1.7000000476837158,3.700000047683716,217,Deciduous,Deciduous,Native,Native,2,70,7.3,6.8,0.5,0.15915494309189535,"6,5,2",Trees condition needs to be monitored in regular intervals.,11/6/2023 4:14:02 PM,nchenell@flemingcollege.ca_Fleming,11/6/2023 4:14:02 PM,nchenell@flemingcollege.ca_Fleming,-78.7446766666667,44.3391583333333
23,3e5c06b0-6c09-43b1-8458-54b3706e8119,1,11/6/2023 4:14:00 PM,44.33893333333334,-78.74487500000001,270,1.5,3.5,170,Conifer,Conifer,Native,Native,3,50,8.2,5.3,0.8,0.25464790894703254,"6,5,2",There is physical damage and condition needs to be monitored.,11/6/2023 4:16:28 PM,nchenell@flemingcollege.ca_Fleming,11/6/2023 4:16:28 PM,nchenell@flemingcollege.ca_Fleming,-78.744875,44.3389333333333
24,f8483f2a-2eed-45ea-9661-87c2b693c6e4,1,11/6/2023 4:16:00 PM,44.338715,-78.74444333333332,267.2,1.5,3.5,233,Deciduous,Deciduous,Native,Native,2,30,9,3.2,0.5,0.15915494309189535,"3,5",Evidence of infestation.,11/6/2023 4:18:53 PM,nchenell@flemingcollege.ca_Fleming,11/6/2023 4:18:53 PM,nchenell@flemingcollege.ca_Fleming,-78.7444433333333,44.338715
25,8de86306-13b9-4da9-ad03-dd43854f5b91,4,11/6/2023 4:16:00 PM,44.339416666666665,-78.74507666666666,237.8,1.399999976158142,8.399999618530273,188,Conifer,Conifer,Native,Native,5,20,9.5,6,2,0.6366197723675814,8,Good health,11/6/2023 4:18:54 PM,hetparm@flemingcollege.ca_Fleming,11/6/2023 4:18:54 PM,hetparm@flemingcollege.ca_Fleming,-78.7450766666667,44.3394166666667
26,980eca14-3014-4566-b62b-1edf1dd466ad,1,11/6/2023 4:19:00 PM,44.338620000000006,-78.74448666666667,270.1,1.5,3.5999999046325684,156,Deciduous,Deciduous,Native,Native,1,0,4.5,2.2,0.3,0.0954929658551372,8,Tree is in good condition.,11/6/2023 4:20:42 PM,nchenell@flemingcollege.ca_Fleming,11/6/2023 4:20:42 PM,nchenell@flemingcollege.ca_Fleming,-78.7444866666667,44.33862
27,073afcad-cbdd-42fd-930a-752e7e1584ee,1,11/6/2023 4:21:00 PM,44.338498333333334,-78.74459499999999,269.2,1.600000023841858,3.5999999046325684,162,Deciduous,Deciduous,Native,Native,2,30,6.3,4.2,0.4,0.12732395447351627,"5,7",Contidion needs to be reviewed.,11/6/2023 4:23:24 PM,nchenell@flemingcollege.ca_Fleming,11/6/2023 4:23:24 PM,nchenell@flemingcollege.ca_Fleming,-78.744595,44.3384983333333
28,4c72aca6-c8d3-4f34-91f6-43ef81415e05,1,11/6/2023 4:23:00 PM,44.33839,-78.74486,267.3,1.5,3.700000047683716,184,Conifer,Conifer,Introduced,Introduced,3,70,8.5,6.3,0.8,0.25464790894703254,"6,4",Need to monito the tree,11/6/2023 4:30:00 PM,nchenell@flemingcollege.ca_Fleming,11/6/2023 4:30:00 PM,nchenell@flemingcollege.ca_Fleming,-78.74486,44.33839
29,7fd53259-19de-40f0-825a-436445da5248,2,11/7/2023 2:47:00 PM,44.34035624182695,-78.73898784795938,247.13993487241,5.28946590423584,8.99538516998291,168,Conifer,Conifer,Introduced,Introduced,6,10,6,5,0.8,0.25464790894703254,8,,11/7/2023 2:49:21 PM,assriniv@flemingcollege.ca_Fleming,11/7/2023 2:49:21 PM,assriniv@flemingcollege.ca_Fleming,-78.7389878479594,44.340356241827
32,719ab53a-df19-4463-a947-7093748a4522,2,11/7/2023 3:03:00 PM,44.33975577607512,-78.73946089963131,240.710256996552,7.233814716339111,9.399214744567871,290,Conifer,Conifer,Native,Native,4,20,3,2,0.1,0.03183098861837907,2,,11/7/2023 3:06:03 PM,assriniv@flemingcollege.ca_Fleming,11/7/2023 3:06:03 PM,assriniv@flemingcollege.ca_Fleming,-78.7394608996313,44.3397557760751
33,1f9cbb36-79fc-46d0-9012-f8b98fef6b53,2,11/7/2023 3:07:00 PM,44.33953864384377,-78.73950088775787,236.153869717243,4.508189678192139,3,233,Deciduous,Deciduous,Native,Native,1,90,5,2.5,0.1,0.03183098861837907,"2,3,4",,11/7/2023 3:09:04 PM,assriniv@flemingcollege.ca_Fleming,11/7/2023 3:09:04 PM,assriniv@flemingcollege.ca_Fleming,-78.7395008877579,44.3395386438438
34,83a13167-4915-4a60-85cc-715bb7eda4db,2,11/7/2023 3:17:00 PM,44.339298497025915,-78.73875476434368,233.26262968041,4.107151031494141,3.098475694656372,232,Deciduous,Deciduous,Naturalized,Naturalized,2,40,6,5,1,0.3183098861837907,"2,3,4",,11/7/2023 3:19:16 PM,assriniv@flemingcollege.ca_Fleming,11/7/2023 3:19:16 PM,assriniv@flemingcollege.ca_Fleming,-78.7387547643437,44.3392984970259
35,706af719-5dd0-4e67-90f5-43a8bf851bfc,1,11/7/2023 3:18:00 PM,44.33926833333333,-78.73812166666667,266.5,1.5,3.799999952316284,19,Deciduous,Deciduous,Native,Native,3,60,8.5,5,0.4,0.12732395447351627,"3,4,6",Tree has some physical damage.,11/7/2023 3:20:46 PM,nchenell@flemingcollege.ca_Fleming,11/7/2023 3:20:46 PM,nchenell@flemingcollege.ca_Fleming,-78.7381216666667,44.3392683333333
36,1f06e9ea-b99f-469f-9534-348c72e0c04a,2,11/7/2023 3:19:00 PM,44.33924552987657,-78.73808905599829,229.766628581219,4.336601257324219,3.1203110218048096,124,Deciduous,Deciduous,Native,Native,1,100,3.5,2.5,0.2,0.06366197723675814,"1,6",,11/7/2023 3:20:49 PM,assriniv@flemingcollege.ca_Fleming,11/7/2023 3:20:49 PM,assriniv@flemingcollege.ca_Fleming,-78.7380890559983,44.3392455298766
37,83a117ed-e91e-47cd-8052-d58f1edcc232,2,11/7/2023 3:20:00 PM,44.33924676145799,-78.73800267884728,235.504938011628,4.474815845489502,5.086616516113281,68,Deciduous,Deciduous,Native,Native,3,60,4,3,0.5,0.15915494309189535,"2,5",,11/7/2023 3:22:45 PM,assriniv@flemingcollege.ca_Fleming,11/7/2023 3:22:45 PM,assriniv@flemingcollege.ca_Fleming,-78.7380026788473,44.339246761458
38,86b6d82b-65e0-475e-9e08-99fe96f43ee1,2,11/7/2023 3:22:00 PM,44.33931012529313,-78.73791123956516,239.824512169798,4.5970001220703125,3,111,Deciduous,Deciduous,Native,Native,3,10,3.2,2.8,0.4,0.12732395447351627,"2,5",,11/7/2023 3:23:56 PM,assriniv@flemingcollege.ca_Fleming,11/7/2023 3:23:56 PM,assriniv@flemingcollege.ca_Fleming,-78.7379112395652,44.3393101252931
39,97f6dd2d-d79b-4bf1-a4f1-5e9723b607ec,2,11/7/2023 3:24:00 PM,44.33930605084689,-78.73779464710461,241.676352892239,3.9691269397735596,3,56,Deciduous,Deciduous,Native,Native,1,100,2.8,2.5,0.2,0.06366197723675814,"1,3,6",,11/7/2023 3:25:02 PM,assriniv@flemingcollege.ca_Fleming,11/7/2023 3:25:02 PM,assriniv@flemingcollege.ca_Fleming,-78.7377946471046,44.3393060508469
40,5eb6971d-ffe3-4c88-884a-137414621085,1,11/7/2023 3:22:00 PM,44.338935000000006,-78.73805833333333,264.1,1.2999999523162842,3.5999999046325684,178,Conifer,Conifer,Native,Native,1,20,11,9,1.2,0.3819718634205488,8,Tree is in good condition.,11/7/2023 3:27:16 PM,nchenell@flemingcollege.ca_Fleming,11/7/2023 3:27:16 PM,nchenell@flemingcollege.ca_Fleming,-78.7380583333333,44.338935
41,fe235d68-d839-4e3d-bb30-660b56d44995,2,11/7/2023 3:25:00 PM,44.339251211795066,-78.73762525799643,236.331250123767,3.995283365249634,3,123,Deciduous,Deciduous,Native,Native,1,100,4.2,3.5,0.4,0.12732395447351627,"1,6,3",,11/7/2023 3:27:48 PM,assriniv@flemingcollege.ca_Fleming,11/7/2023 3:27:48 PM,assriniv@flemingcollege.ca_Fleming,-78.7376252579964,44.3392512117951
42,9979f1a8-d82b-4f61-a7b5-ae207f2b97a2,2,11/7/2023 3:26:00 PM,44.33921255956485,-78.73763944184162,237.258573662477,4.085362434387207,3.0320980548858643,123,Deciduous,Deciduous,Native,Native,1,100,3.9,2.3,0.4,0.12732395447351627,1,,11/7/2023 3:27:49 PM,assriniv@flemingcollege.ca_Fleming,11/7/2023 3:27:49 PM,assriniv@flemingcollege.ca_Fleming,-78.7376394418416,44.3392125595648
43,aeb8a034-b835-44ce-88fd-48e64110285f,2,11/7/2023 3:28:00 PM,44.3390872855363,-78.7373408581092,235.361543908598,4.432407379150391,3,17,Deciduous,Deciduous,Naturalized,Naturalized,1,100,4.5,3.8,0.8,0.25464790894703254,"1,6",,11/7/2023 3:29:26 PM,assriniv@flemingcollege.ca_Fleming,11/7/2023 3:29:26 PM,assriniv@flemingcollege.ca_Fleming,-78.7373408581092,44.3390872855363
44,972685bb-0806-4eed-ab65-43bc9d39c35c,2,11/7/2023 3:29:00 PM,44.33913986806298,-78.73730393934451,234.003943038268,3.7079124450683594,3,160,Conifer,Conifer,Introduced,Introduced,1,100,1.8,1.5,0.1,0.03183098861837907,"2,6",,11/7/2023 3:30:32 PM,assriniv@flemingcollege.ca_Fleming,11/7/2023 3:30:32 PM,assriniv@flemingcollege.ca_Fleming,-78.7373039393445,44.339139868063
45,da3952d3-41b2-4d18-a8fe-e2a5a125bff9,1,11/7/2023 3:29:00 PM,44.33888666666667,-78.73875500000001,271,1.7000000476837158,3.700000047683716,171,Conifer,Conifer,Native,Native,1,0,8,4.5,1,0.3183098861837907,8,Tree is in very good condition.,11/7/2023 3:31:55 PM,nchenell@flemingcollege.ca_Fleming,11/7/2023 3:31:55 PM,nchenell@flemingcollege.ca_Fleming,-78.738755,44.3388866666667
46,6a8da554-843f-4f2e-a98c-348eb4d610c6,2,11/7/2023 3:31:00 PM,44.338767232340075,-78.73782778396772,239.915461401181,4.190855979919434,4.700153350830078,293,Deciduous,Deciduous,Native,Native,1,100,3.6,2.4,0.2,0.06366197723675814,"1,5,6",,11/7/2023 3:33:49 PM,assriniv@flemingcollege.ca_Fleming,11/7/2023 3:33:49 PM,assriniv@flemingcollege.ca_Fleming,-78.7378277839677,44.3387672323401
47,332b0ad6-6edf-4311-8345-6971ce9b806a,1,11/7/2023 3:32:00 PM,44.33878166666667,-78.73867666666666,269.1,1.399999976158142,3.5999999046325684,176,Conifer,Conifer,Native,Native,2,30,9.5,7,0.9,0.2864788975654116,"6,3",Tree is in good condition but there is proof of physical damage.,11/7/2023 3:34:56 PM,nchenell@flemingcollege.ca_Fleming,11/7/2023 3:34:56 PM,nchenell@flemingcollege.ca_Fleming,-78.7386766666667,44.3387816666667
48,fe3bfe28-a026-4cdf-b6f0-cab44b47cf78,2,11/7/2023 3:33:00 PM,44.33875672958407,-78.73783032598988,240.912819672417,4.181829452514648,3,84,Deciduous,Deciduous,Naturalized,Naturalized,2,60,3,1.8,0.1,0.03183098861837907,"3,2",,11/7/2023 3:35:15 PM,assriniv@flemingcollege.ca_Fleming,11/7/2023 3:35:15 PM,assriniv@flemingcollege.ca_Fleming,-78.7378303259899,44.3387567295841
49,85c9c4e4-c6ab-4b72-9c20-4acab83daabc,2,11/7/2023 3:35:00 PM,44.33869495195239,-78.73775330901296,240.659296491154,3.6579456329345703,3,274,Deciduous,Deciduous,Native,Native,1,100,2.2,2.5,0.2,0.06366197723675814,"1,6",,11/7/2023 3:37:09 PM,assriniv@flemingcollege.ca_Fleming,11/7/2023 3:37:09 PM,assriniv@flemingcollege.ca_Fleming,-78.737753309013,44.3386949519524
50,3ac8debb-5ae3-406b-8c58-fa184d1c0799,1,11/7/2023 3:35:00 PM,44.339103333333334,-78.73895,267.1,2.0999999046325684,3.9000000953674316,189,Conifer,Conifer,Native,Native,3,40,4,3,0.3,0.0954929658551372,"2,5",Condition needs to be monitored.,11/7/2023 3:38:29 PM,nchenell@flemingcollege.ca_Fleming,11/7/2023 3:38:29 PM,nchenell@flemingcollege.ca_Fleming,-78.73895,44.3391033333333
51,60b96e80-c1b0-44ea-a288-93f6211244dd,2,11/7/2023 3:37:00 PM,44.338669729238234,-78.73767458187211,240.281596747161,3.813293695449829,3,125,Deciduous,Deciduous,Native,Native,3,10,2,2,0.2,0.06366197723675814,2,,11/7/2023 3:38:33 PM,assriniv@flemingcollege.ca_Fleming,11/7/2023 3:38:33 PM,assriniv@flemingcollege.ca_Fleming,-78.7376745818721,44.3386697292382
52,979a27ac-7e23-4a43-b28e-b81b869e9746,2,11/7/2023 3:38:00 PM,44.3385480061648,-78.73781353270566,239.596473392592,3.8580265045166016,3,230,Deciduous,Deciduous,Native,Native,1,100,3.5,1.8,0.1,0.03183098861837907,"1,6",,11/7/2023 3:39:30 PM,assriniv@flemingcollege.ca_Fleming,11/7/2023 3:39:30 PM,assriniv@flemingcollege.ca_Fleming,-78.7378135327057,44.3385480061648
53,77c1d787-9c70-4840-8b94-0aeb2e45dc52,1,11/7/2023 3:39:00 PM,44.338956666666675,-78.73900499999999,266.5,2,3.700000047683716,299,Conifer,Conifer,Native,Native,1,10,3,1,0.2,0.06366197723675814,8,Tree is in very good condition.,11/7/2023 3:40:11 PM,nchenell@flemingcollege.ca_Fleming,11/7/2023 3:40:11 PM,nchenell@flemingcollege.ca_Fleming,-78.739005,44.3389566666667
54,9cae6224-f98b-4ff6-b72a-b6c97c29862d,2,11/7/2023 3:39:00 PM,44.33857171865138,-78.73788082137499,238.900104752081,3.5110650062561035,3,13,Deciduous,Deciduous,Native,Native,2,90,4.2,3.4,0.3,0.0954929658551372,"3,6",,11/7/2023 3:41:01 PM,assriniv@flemingcollege.ca_Fleming,11/7/2023 3:41:01 PM,assriniv@flemingcollege.ca_Fleming,-78.737880821375,44.3385717186514
55,30ab6a72-a65a-4f09-a801-62e824c3918c,2,11/7/2023 3:41:00 PM,44.338560315639,-78.73767773915029,238.448846637907,3.671675205230713,3,158,Deciduous,Deciduous,Native,Native,1,100,3,1.3,0.1,0.03183098861837907,"1,6",,11/7/2023 3:42:19 PM,assriniv@flemingcollege.ca_Fleming,11/7/2023 3:42:19 PM,assriniv@flemingcollege.ca_Fleming,-78.7376777391503,44.338560315639
56,f9c7e388-4bc7-44a4-9efe-624a2bcf173f,2,11/7/2023 3:42:00 PM,44.338653796624826,-78.73745039596407,240.942101103168,4.062376976013184,3.1054201126098633,166,Deciduous,Deciduous,Native,Native,1,100,3.6,2.1,0.2,0.06366197723675814,"6,1",,11/7/2023 3:43:23 PM,assriniv@flemingcollege.ca_Fleming,11/7/2023 3:43:23 PM,assriniv@flemingcollege.ca_Fleming,-78.7374503959641,44.3386537966248
57,41fab2f0-a403-4ff6-a7f2-0f62026ce71a,2,11/7/2023 3:43:00 PM,44.33861435834047,-78.7374111194707,236.44632277997,4.003152370452881,3.0919077396392822,302,Deciduous,Deciduous,Native,Native,2,80,2.6,2.1,0.2,0.06366197723675814,"2,6",,11/7/2023 3:44:35 PM,assriniv@flemingcollege.ca_Fleming,11/7/2023 3:44:35 PM,assriniv@flemingcollege.ca_Fleming,-78.7374111194707,44.3386143583405
58,e98ba628-a7f7-453e-b717-f4c17cc306c3,2,11/7/2023 3:44:00 PM,44.33862611503512,-78.73755628969037,235.188595713003,4.203223705291748,3,202,Deciduous,Deciduous,Native,Native,1,100,4.5,2.8,0.3,0.0954929658551372,"1,6",,11/7/2023 3:45:34 PM,assriniv@flemingcollege.ca_Fleming,11/7/2023 3:45:34 PM,assriniv@flemingcollege.ca_Fleming,-78.7375562896904,44.3386261150351
60,27d785b5-caa9-4fd8-b499-91ee25b94389,4,11/7/2023 7:25:00 PM,44.34044333333333,-78.74045166666666,227.6,1.5,15.899999618530273,170,Conifer,Conifer,Native,Native,4,30,13,6,1,0.3183098861837907,8,Good health,11/7/2023 7:29:05 PM,hetparm@flemingcollege.ca_Fleming,11/7/2023 7:29:05 PM,hetparm@flemingcollege.ca_Fleming,-78.7404516666667,44.3404433333333
61,11447a66-d99b-4f56-857f-ffbd602de4c3,4,11/7/2023 7:29:00 PM,44.339821666666666,-78.74087166666666,230.6,1.399999976158142,8.600000381469727,227,Deciduous,Deciduous,Native,Native,3,60,8,3,1,0.3183098861837907,2,Dead leaves,11/7/2023 7:33:24 PM,hetparm@flemingcollege.ca_Fleming,11/7/2023 7:33:24 PM,hetparm@flemingcollege.ca_Fleming,-78.7408716666667,44.3398216666667
62,2fd599cf-4a54-450c-9b5f-31d2692b46d2,4,11/7/2023 7:33:00 PM,44.340715,-78.73957833333334,229,1.7000000476837158,10.600000381469727,189,Conifer,Conifer,Native,Native,5,20,15,7,1,0.3183098861837907,8,Good health,11/7/2023 7:43:07 PM,hetparm@flemingcollege.ca_Fleming,11/7/2023 7:43:07 PM,hetparm@flemingcollege.ca_Fleming,-78.7395783333333,44.340715
63,e8cd2bf1-f461-4b66-9469-ef930c8a6a7f,4,11/7/2023 7:43:00 PM,44.34186666666666,-78.73962499999999,235.5,1.7000000476837158,11.600000381469727,21,Deciduous,Deciduous,Native,Native,4,30,7,5,1,0.3183098861837907,2,Dead leaves are present,11/7/2023 7:50:41 PM,hetparm@flemingcollege.ca_Fleming,11/7/2023 7:50:41 PM,hetparm@flemingcollege.ca_Fleming,-78.739625,44.3418666666667
64,3893449d-ab2d-4cd0-b093-ad88caa17ed7,4,11/7/2023 7:50:00 PM,44.341651666666664,-78.7398,230.2,1.399999976158142,11.300000190734863,233,Deciduous,Deciduous,Native,Native,4,30,16,8,1.5,0.477464829275686,8,Good health,11/7/2023 7:56:46 PM,hetparm@flemingcollege.ca_Fleming,11/7/2023 7:56:46 PM,hetparm@flemingcollege.ca_Fleming,-78.7398,44.3416516666667
65,2c291cbf-5656-476f-8165-ac87ca490984,4,11/7/2023 8:01:00 PM,44.34145,-78.74082166666668,234.8,1.5,11.300000190734863,146,Conifer,Conifer,Native,Native,4,40,14,6,0.8,0.25464790894703254,5,Good health,11/7/2023 8:08:11 PM,hetparm@flemingcollege.ca_Fleming,11/7/2023 8:08:11 PM,hetparm@flemingcollege.ca_Fleming,-78.7408216666667,44.34145
66,f338c91c-96aa-486b-b957-df6d65f1d9a6,4,11/7/2023 8:08:00 PM,44.34147333333333,-78.74166666666666,235.8,1.5,9.600000381469727,187,Conifer,Conifer,Native,Native,4,40,10,4,1,0.3183098861837907,8,Good health,11/7/2023 8:11:14 PM,hetparm@flemingcollege.ca_Fleming,11/7/2023 8:11:14 PM,hetparm@flemingcollege.ca_Fleming,-78.7416666666667,44.3414733333333
67,03a15535-1343-4356-8e29-e6cbee43a620,4,11/7/2023 8:17:00 PM,44.340599999999995,-78.74256833333334,234.1,1.600000023841858,7.5,68,Deciduous,Deciduous,Native,Native,5,30,14,8,1,0.3183098861837907,5,Good health,11/7/2023 8:23:37 PM,hetparm@flemingcollege.ca_Fleming,11/7/2023 8:23:37 PM,hetparm@flemingcollege.ca_Fleming,-78.7425683333333,44.3406
68,73e974bf-b29b-45a7-a4ed-ac387cc9e518,4,11/7/2023 8:23:00 PM,44.34011999999999,-78.74222499999999,232.8,1.600000023841858,7.599999904632568,189,Conifer,Conifer,Native,Native,5,30,16,5,1.2,0.3819718634205488,5,Good health,11/7/2023 8:26:44 PM,hetparm@flemingcollege.ca_Fleming,11/7/2023 8:26:44 PM,hetparm@flemingcollege.ca_Fleming,-78.742225,44.34012
69,3518a9fc-da1a-458a-9fc2-84bcd635f3d1,4,11/7/2023 8:26:00 PM,44.340104999999994,-78.74192500000001,234.2,1.600000023841858,10.399999618530273,146,Conifer,Conifer,Native,Native,5,30,8,5,0.8,0.25464790894703254,8,Good health,11/7/2023 8:30:35 PM,hetparm@flemingcollege.ca_Fleming,11/7/2023 8:30:35 PM,hetparm@flemingcollege.ca_Fleming,-78.741925,44.340105
70,b2df1871-1f88-4681-bcf0-dfc0aa1466be,4,11/7/2023 8:31:00 PM,44.340006666666675,-78.74164666666667,234.8,1.2999999523162842,6.300000190734863,19,Deciduous,Deciduous,Native,Native,5,20,4,2,0.4,0.12732395447351627,8,Good health,11/7/2023 8:35:06 PM,hetparm@flemingcollege.ca_Fleming,11/7/2023 8:35:06 PM,hetparm@flemingcollege.ca_Fleming,-78.7416466666667,44.3400066666667
71,c35cfd1f-4d8d-4719-95d2-62103668c713,4,11/7/2023 8:35:00 PM,44.340226666666666,-78.74146,237.4,1.7000000476837158,6.5,168,Conifer,Conifer,Introduced,Introduced,5,40,18,7,1.5,0.477464829275686,8,Good health,11/7/2023 8:37:29 PM,hetparm@flemingcollege.ca_Fleming,11/7/2023 8:37:29 PM,hetparm@flemingcollege.ca_Fleming,-78.74146,44.3402266666667
72,14d7654d-a8e3-4cdc-8435-e2a420c2443e,4,11/7/2023 8:37:00 PM,44.34032333333333,-78.74197833333332,241.5,1.7000000476837158,6.699999809265137,170,Conifer,Conifer,Native,Native,5,40,14,6,1.2,0.3819718634205488,4,Good health,11/7/2023 8:42:07 PM,hetparm@flemingcollege.ca_Fleming,11/7/2023 8:42:07 PM,hetparm@flemingcollege.ca_Fleming,-78.7419783333333,44.3403233333333
73,fdda1d85-0a8e-4992-a72b-6d3cc3e62168,4,11/7/2023 8:42:00 PM,44.34062000000001,-78.74219833333333,234.6,1.399999976158142,6.599999904632568,290,Conifer,Conifer,Native,Native,5,30,7,5,1,0.3183098861837907,4,Good health,11/7/2023 8:45:02 PM,hetparm@flemingcollege.ca_Fleming,11/7/2023 8:45:02 PM,hetparm@flemingcollege.ca_Fleming,-78.7421983333333,44.34062
74,01705bb8-e6d3-430f-b77f-24ee5570a3d1,4,11/7/2023 8:47:00 PM,44.33974166666667,-78.74076333333333,237,1.399999976158142,6.300000190734863,173,Conifer,Conifer,Introduced,Introduced,5,20,18,7,1.5,0.477464829275686,5,Good health,11/7/2023 9:03:53 PM,hetparm@flemingcollege.ca_Fleming,11/7/2023 9:03:53 PM,hetparm@flemingcollege.ca_Fleming,-78.7407633333333,44.3397416666667
75,acc87d88-fd78-4536-9629-017cad2402b7,4,11/7/2023 9:06:00 PM,44.33996333333333,-78.739855,238.2,1.600000023841858,5.900000095367432,21,Deciduous,Deciduous,Native,Native,3,30,20,8,1.5,0.477464829275686,"5,4",,11/7/2023 9:09:42 PM,hetparm@flemingcollege.ca_Fleming,11/7/2023 9:09:42 PM,hetparm@flemingcollege.ca_Fleming,-78.739855,44.3399633333333
76,86f14dfa-f5a7-49a3-9893-a70ccabdb46f,4,11/7/2023 9:11:00 PM,44.33992333333334,-78.73912833333334,231.4,1.399999976158142,7.099999904632568,299,Conifer,Conifer,Native,Native,5,10,9,2,0.5,0.15915494309189535,4,Good health,11/7/2023 9:13:09 PM,hetparm@flemingcollege.ca_Fleming,11/7/2023 9:13:09 PM,hetparm@flemingcollege.ca_Fleming,-78.7391283333333,44.3399233333333
77,2f0e1af7-e449-461d-9c59-fcad32df01c5,4,11/7/2023 9:49:00 PM,44.34049166666667,-78.7389,230.7,1.399999976158142,8.899999618530273,168,Conifer,Conifer,Introduced,Introduced,5,40,15,5,0.7,0.22281692032865347,4,Good health,11/7/2023 9:52:56 PM,hetparm@flemingcollege.ca_Fleming,11/7/2023 9:52:56 PM,hetparm@flemingcollege.ca_Fleming,-78.7389,44.3404916666667
78,93e13335-613d-4bb1-8b92-683ba931982d,4,11/7/2023 9:55:00 PM,44.34082,-78.73947666666666,233.4,1.5,11.199999809265137,188,Conifer,Conifer,Native,Native,5,30,17,8,1,0.3183098861837907,4,Good health,11/7/2023 9:57:35 PM,hetparm@flemingcollege.ca_Fleming,11/7/2023 9:57:35 PM,hetparm@flemingcollege.ca_Fleming,-78.7394766666667,44.34082
79,3c9484d5-5f05-4eaf-88e4-8d3674d01b54,4,11/7/2023 9:57:00 PM,44.34073333333334,-78.73954666666667,233.4,1.7000000476837158,11.199999809265137,176,Conifer,Conifer,Native,Native,5,20,20,9,1.5,0.477464829275686,4,Good health,11/7/2023 9:59:34 PM,hetparm@flemingcollege.ca_Fleming,11/7/2023 9:59:34 PM,hetparm@flemingcollege.ca_Fleming,-78.7395466666667,44.3407333333333
80,5abcd373-cf8e-4fcd-996c-3a6516e943be,5,11/7/2023 7:25:00 PM,44.34046166666667,-78.74038999999999,270,2.200000047683716,4.199999809265137,170,Conifer,Conifer,Native,Native,4,30,15,6,1,0.3183098861837907,4,Tree is observably partial in foliage with dead and broken branches,11/7/2023 10:21:40 PM,naisin@flemingcollege.ca_Fleming,11/7/2023 10:21:40 PM,naisin@flemingcollege.ca_Fleming,-78.74039,44.3404616666667
81,aca13c92-b16d-42c9-bc1d-20aeac656e48,5,11/7/2023 7:30:00 PM,44.33984999999999,-78.74095166666666,273.1,2.200000047683716,3.9000000953674316,227,Deciduous,Deciduous,Native,Native,5,10,12,5,2,0.6366197723675814,8,Tree has minimal deadwood expanse.,11/7/2023 10:21:41 PM,naisin@flemingcollege.ca_Fleming,11/7/2023 10:21:41 PM,naisin@flemingcollege.ca_Fleming,-78.7409516666667,44.33985
82,8f22b2af-bd5f-45e6-a957-c631779d1d30,5,11/7/2023 7:38:00 PM,44.339958333333335,-78.73992166666667,275.6,2.0999999046325684,3.9000000953674316,17,Deciduous,Deciduous,Naturalized,Naturalized,4,10,15,9,1,0.3183098861837907,"6,5",Tree bears evidence of infestation and physical evidence,11/7/2023 10:21:42 PM,naisin@flemingcollege.ca_Fleming,11/7/2023 10:21:42 PM,naisin@flemingcollege.ca_Fleming,-78.7399216666667,44.3399583333333
83,56e0ec09-bcf0-43bd-8b21-4fbc94fcde2a,5,11/7/2023 7:40:00 PM,44.339909999999996,-78.73977,272.7,1.7999999523162842,3.799999952316284,19,Deciduous,Deciduous,Native,Native,5,10,15,2,1,0.3183098861837907,"6,4",Tree bears evidence of physical damage and bears dead/broken branches,11/7/2023 10:21:43 PM,naisin@flemingcollege.ca_Fleming,11/7/2023 10:21:43 PM,naisin@flemingcollege.ca_Fleming,-78.73977,44.33991
84,cd51aa8f-c9cc-46ca-bb40-a39d6595aa28,5,11/7/2023 7:44:00 PM,44.339958333333335,-78.73967666666667,270.7,1.7000000476837158,3.700000047683716,21,Deciduous,Deciduous,Native,Native,4,20,12,1,2,0.6366197723675814,6,Tree bears evidence of physical damage,11/7/2023 10:21:44 PM,naisin@flemingcollege.ca_Fleming,11/7/2023 10:21:44 PM,naisin@flemingcollege.ca_Fleming,-78.7396766666667,44.3399583333333
85,6ff557b9-668d-4fb3-b94b-0e1212b6927f,5,11/7/2023 7:48:00 PM,44.33982833333333,-78.73961,267.8,1.7000000476837158,3.700000047683716,72,Deciduous,Deciduous,Native,Native,4,30,10,4,1,0.3183098861837907,"2,5",Tree has evidence of infestation and needs to be monitored,11/7/2023 10:21:45 PM,naisin@flemingcollege.ca_Fleming,11/7/2023 10:21:45 PM,naisin@flemingcollege.ca_Fleming,-78.73961,44.3398283333333
86,c1c460ff-1159-4bfa-a757-02ee0ac0719d,5,11/7/2023 7:50:00 PM,44.33990000000001,-78.73948,271,1.7999999523162842,3.700000047683716,90,Deciduous,Deciduous,Introduced,Introduced,6,10,3,2,1,0.3183098861837907,8,Tree exists in good health,11/7/2023 10:21:46 PM,naisin@flemingcollege.ca_Fleming,11/7/2023 10:21:46 PM,naisin@flemingcollege.ca_Fleming,-78.73948,44.3399
87,2fab5410-309e-4c8f-8083-8f421b7b23e0,5,11/7/2023 7:52:00 PM,44.33990333333333,-78.739335,270.4,1.7000000476837158,3.799999952316284,228,Deciduous,Deciduous,Introduced,Introduced,4,10,2,1,1,0.3183098861837907,"6,5,4","Tree bears evidence of physical damage, dead/broken branches, and infestation",11/7/2023 10:21:48 PM,naisin@flemingcollege.ca_Fleming,11/7/2023 10:21:48 PM,naisin@flemingcollege.ca_Fleming,-78.739335,44.3399033333333
88,4456b26a-702e-4666-9da8-3506be5214c3,5,11/7/2023 9:02:00 PM,44.34084666666666,-78.74095666666668,270.7,1.600000023841858,3.700000047683716,46,Deciduous,Deciduous,Native,Native,5,10,12,7,1,0.3183098861837907,8,The tree exists with low amount of deadwood and has foliage,11/7/2023 10:21:49 PM,naisin@flemingcollege.ca_Fleming,11/7/2023 10:21:49 PM,naisin@flemingcollege.ca_Fleming,-78.7409566666667,44.3408466666667
89,9686e26b-f443-437d-a971-3881e7017f7c,5,11/7/2023 9:32:00 PM,44.340155,-78.73986333333333,263.4,1.600000023841858,3.700000047683716,179,Conifer,Conifer,Native,Native,5,20,12,9,2,0.6366197723675814,4,Tree bears dead/broken branches,11/7/2023 10:21:50 PM,naisin@flemingcollege.ca_Fleming,11/7/2023 10:21:50 PM,naisin@flemingcollege.ca_Fleming,-78.7398633333333,44.340155
90,c5277a8c-6e5e-4cea-964a-c578d7b3b4e9,5,11/7/2023 9:32:00 PM,44.34003833333333,-78.73975999999999,266,1.600000023841858,3.700000047683716,11,Deciduous,Deciduous,Native,Native,4,30,10,2,1,0.3183098861837907,2,Tree needs to be monitored,11/7/2023 10:21:51 PM,naisin@flemingcollege.ca_Fleming,11/7/2023 10:21:51 PM,naisin@flemingcollege.ca_Fleming,-78.73976,44.3400383333333
91,02c28b95-90ba-41df-ac59-e660f3985bd7,5,11/7/2023 9:33:00 PM,44.339961666666674,-78.739145,264,1.600000023841858,3.5999999046325684,169,Conifer,Conifer,Native,Native,4,20,7,5,1,0.3183098861837907,"5,6",Tree bears evidence of physical evidence and infestation,11/7/2023 10:21:52 PM,naisin@flemingcollege.ca_Fleming,11/7/2023 10:21:52 PM,naisin@flemingcollege.ca_Fleming,-78.739145,44.3399616666667
92,14365b11-4136-4e38-88ac-a1084b826898,5,11/7/2023 9:36:00 PM,44.33987333333333,-78.73848,268.1,1.5,3.5999999046325684,8,Conifer,Conifer,Introduced,Introduced,5,50,13,8,1,0.3183098861837907,5,Tree bears evidence of infestation with average deadwood expanse,11/7/2023 10:21:52 PM,naisin@flemingcollege.ca_Fleming,11/7/2023 10:21:52 PM,naisin@flemingcollege.ca_Fleming,-78.73848,44.3398733333333
93,b9e5370c-5afc-48eb-8c60-f1c0ab25d2ef,5,11/7/2023 9:37:00 PM,44.34012166666666,-78.73864666666667,270.1,1.7000000476837158,3.700000047683716,233,Deciduous,Deciduous,Native,Native,5,10,9,4,2,0.6366197723675814,4,Tree has minimal deadwood with observable broken/dead branches,11/7/2023 10:21:53 PM,naisin@flemingcollege.ca_Fleming,11/7/2023 10:21:53 PM,naisin@flemingcollege.ca_Fleming,-78.7386466666667,44.3401216666667
94,c475c9bb-37d8-4d3a-9a5f-923724c82062,5,11/7/2023 9:39:00 PM,44.34020999999999,-78.73872666666666,267,1.600000023841858,3.5999999046325684,105,Deciduous,Deciduous,Native,Native,3,60,6,4,2,0.6366197723675814,2,Tree bears more than average deadwood expanse,11/7/2023 10:21:54 PM,naisin@flemingcollege.ca_Fleming,11/7/2023 10:21:54 PM,naisin@flemingcollege.ca_Fleming,-78.7387266666667,44.34021
95,15b389b4-215e-4100-a118-acb7f9f7418a,5,11/7/2023 9:42:00 PM,44.34011333333333,-78.73832999999999,265.3,1.5,3.5999999046325684,284,Deciduous,Deciduous,Naturalized,Naturalized,5,20,11,5,2,0.6366197723675814,5,Tree bears infestation,11/7/2023 10:21:55 PM,naisin@flemingcollege.ca_Fleming,11/7/2023 10:21:55 PM,naisin@flemingcollege.ca_Fleming,-78.73833,44.3401133333333
96,bf365248-014d-4c90-8518-2bffbcb73ad0,5,11/7/2023 9:43:00 PM,44.34002333333333,-78.73822666666666,270.8,1.5,3.5999999046325684,92,Deciduous,Deciduous,Native,Native,4,20,7,5,2,0.6366197723675814,"4,5",Tree bears lesser branches and removal.,11/7/2023 10:21:57 PM,naisin@flemingcollege.ca_Fleming,11/7/2023 10:21:57 PM,naisin@flemingcollege.ca_Fleming,-78.7382266666667,44.3400233333333
97,fa54bce5-1c59-400b-82d1-4a55a11bf9dc,5,11/7/2023 9:44:00 PM,44.33997166666666,-78.73813166666667,272.5,1.5,3.5,293,Deciduous,Deciduous,Native,Native,6,0,13,3,1,0.3183098861837907,8,Tree stands tall with no evidence of deadwood,11/7/2023 10:21:57 PM,naisin@flemingcollege.ca_Fleming,11/7/2023 10:21:57 PM,naisin@flemingcollege.ca_Fleming,-78.7381316666667,44.3399716666667
98,a0f4c326-8b00-4890-a1a7-ddc0650e40e9,5,11/7/2023 9:46:00 PM,44.33976666666668,-78.73789166666667,266.3,1.5,3.5999999046325684,172,Conifer,Conifer,Introduced,Introduced,5,10,15,6,2,0.6366197723675814,3,Tree exhibits full foliation,11/7/2023 10:21:58 PM,naisin@flemingcollege.ca_Fleming,11/7/2023 10:21:58 PM,naisin@flemingcollege.ca_Fleming,-78.7378916666667,44.3397666666667
99,9e4063d9-c02d-4f2e-bf4b-f9415eee32c9,5,11/7/2023 9:47:00 PM,44.339713333333336,-78.73755166666666,269.6,1.399999976158142,3.5999999046325684,9,Deciduous,Deciduous,Native,Native,4,30,14,6,2,0.6366197723675814,"5,4",Tree bears no foliage,11/7/2023 10:21:59 PM,naisin@flemingcollege.ca_Fleming,11/7/2023 10:21:59 PM,naisin@flemingcollege.ca_Fleming,-78.7375516666667,44.3397133333333
100,ea58a9ad-ffb9-47c5-a698-385217a9e661,3,11/6/2023 4:38:00 PM,44.34061750702648,-78.7426216745752,266.204834175296,4.8871408716079605,3.152838583538304,228,Deciduous,Deciduous,Introduced,Introduced,1,10,10.5 m,5,1.2,0.3819718634205488,"8,4",Trimming of some dead leaves and branches is required. Besides that the tree looks healthy.,11/7/2023 10:30:51 PM,suachary@flemingcollege.ca_Fleming,11/7/2023 10:30:51 PM,suachary@flemingcollege.ca_Fleming,-78.7426216745752,44.3406175070265
101,89950321-6708-4833-971e-68ff2c8bab25,3,11/6/2023 4:53:00 PM,44.341924205786455,-78.74295906470296,265.137856699526,4.871907849646231,3.1763266421047254,21,Deciduous,Deciduous,Native,Native,2,30,10.5,5,0.9,0.2864788975654116,"4,6,5",The tree looks fully yellow with some leaves which has turned brown aswell. It has infestation and also physical damage.,11/7/2023 10:30:52 PM,suachary@flemingcollege.ca_Fleming,11/7/2023 10:30:52 PM,suachary@flemingcollege.ca_Fleming,-78.742959064703,44.3419242057865
102,b9c650ed-e21f-4558-ac60-e99e44d53a8a,3,11/6/2023 4:59:00 PM,44.34203881846226,-78.74357158065233,266.426821199246,5.013655157981456,2.947507250141173,174,Conifer,Conifer,Native,Native,2,40,15,5,0.8,0.25464790894703254,"5,3,6,4",It has many holes along the trunk which shows infestation. And it has  deadwoods.,11/7/2023 10:30:53 PM,suachary@flemingcollege.ca_Fleming,11/7/2023 10:30:53 PM,suachary@flemingcollege.ca_Fleming,-78.7435715806523,44.3420388184623
103,a48fa44f-880d-46e4-a052-8470639040eb,3,11/6/2023 5:03:00 PM,44.341821092637645,-78.74392206888197,267.305519928224,4.974061043003389,3.0138436875964336,233,Deciduous,Deciduous,Native,Native,3,10,5,3,0.5,0.15915494309189535,"3,4,5,6",The tree looks dead with all the dried leaves which is brown in color and many seeds are there which looks dry.,11/7/2023 10:30:53 PM,suachary@flemingcollege.ca_Fleming,11/7/2023 10:30:53 PM,suachary@flemingcollege.ca_Fleming,-78.743922068882,44.3418210926376
104,ae937d5f-c24f-43dd-b50c-af303da319ae,3,11/6/2023 5:11:00 PM,44.34162359095107,-78.74522084402051,267.788584453985,4.847458421212151,3.2135158140902673,221,Deciduous,Deciduous,Native,Native,3,40,8,4,0.7,0.22281692032865347,"3,4,5","The leaves of the tree are all dried giving a dull light brown color to it.Although the tree is all brown and dried, few green leaves.",11/7/2023 10:30:54 PM,suachary@flemingcollege.ca_Fleming,11/7/2023 10:30:54 PM,suachary@flemingcollege.ca_Fleming,-78.7452208440205,44.3416235909511
105,85e07ce1-60fc-4552-88c1-e9aa845c1151,3,11/6/2023 5:18:00 PM,44.34175967376281,-78.74501407214083,267.883036646992,4.861439073438693,3.19232629410472,145,Conifer,Conifer,Introduced,Introduced,2,40,8,4,0.7,0.22281692032865347,"4,3,5",There are no leaves left on the tree with some turning brown and some still green.,11/7/2023 10:30:55 PM,suachary@flemingcollege.ca_Fleming,11/7/2023 10:30:55 PM,suachary@flemingcollege.ca_Fleming,-78.7450140721408,44.3417596737628
106,98cc8a89-81e5-4e0e-bcb6-f51d7c9fcebf,3,11/7/2023 2:34:00 PM,44.35002110355123,-78.74041884078255,261.224557714537,10.524748399517861,11.081934266278507,227,Deciduous,Deciduous,Native,Native,2,10,12,4,0.1,0.03183098861837907,"3,4,5,6",The leaves of the tree has almost all fallen off. It has a very evident infestation. The color of the leaves are all fade.,11/7/2023 10:30:56 PM,suachary@flemingcollege.ca_Fleming,11/7/2023 10:30:56 PM,suachary@flemingcollege.ca_Fleming,-78.7404188407826,44.3500211035512
107,4d980d3d-ad77-483d-b215-fee72fcbcfbb,3,11/7/2023 2:42:00 PM,44.346813091306,-78.74174869377454,261.86076295469,4.8401463760934105,3.2245185827931984,305,Deciduous,Deciduous,Naturalized,Naturalized,2,30,8,3,0.4,0.12732395447351627,"3,4,5,6",It has infestation and branches facing down. The color of the leaves a re faded into yellow.,11/7/2023 10:30:58 PM,suachary@flemingcollege.ca_Fleming,11/7/2023 10:30:58 PM,suachary@flemingcollege.ca_Fleming,-78.7417486937745,44.346813091306
108,abe1811d-b6df-412d-a0ea-14425813f427,3,11/7/2023 2:45:00 PM,44.34597842873703,-78.74135268239519,262.402850895189,4.892363822895627,3.1447278510565786,190,Conifer,Conifer,Naturalized,Naturalized,2,10,30,3,0.1,0.03183098861837907,8,The tree looks healthy.,11/7/2023 10:30:58 PM,suachary@flemingcollege.ca_Fleming,11/7/2023 10:30:58 PM,suachary@flemingcollege.ca_Fleming,-78.7413526823952,44.345978428737
109,7c7c0f7a-06dc-4674-a5f4-810dd902aa5e,3,11/7/2023 2:52:00 PM,44.34499434505724,-78.74110907682847,262.571392985061,4.891400258191616,3.1462263979173266,159,Deciduous,Deciduous,Naturalized,Naturalized,2,30,12,4.5,0.6,0.1909859317102744,"3,4,5,6",The tree has fruits visible. The leaves looks infested.,11/7/2023 10:30:59 PM,suachary@flemingcollege.ca_Fleming,11/7/2023 10:30:59 PM,suachary@flemingcollege.ca_Fleming,-78.7411090768285,44.3449943450572
110,b7a3bbb9-67ea-4b19-afd0-e91c8782fb55,3,11/7/2023 2:56:00 PM,44.34432268078362,-78.74104169671045,262.827840168029,5.0767639917221405,2.8374291894499,168,Conifer,Conifer,Introduced,Introduced,1,20,30,5,2.5,0.7957747154594768,"3,4,1,8",The tree looks healthy with only few dead leaves. The tree is used as a Christmas tree.,11/7/2023 10:31:00 PM,suachary@flemingcollege.ca_Fleming,11/7/2023 10:31:00 PM,suachary@flemingcollege.ca_Fleming,-78.7410416967105,44.3443226807836
112,a51cbf32-7a50-43fa-8880-f5459f2103d2,3,11/7/2023 3:11:00 PM,44.34080869730309,-78.73939317765834,266.318411712535,4.86727406909523,3.1834227129148274,189,Conifer,Conifer,Native,Native,2,10,30,8,2,0.6366197723675814,"3,5,6,8",Tree looks healthy with some minor infestation ,11/7/2023 10:31:12 PM,suachary@flemingcollege.ca_Fleming,11/7/2023 10:31:12 PM,suachary@flemingcollege.ca_Fleming,-78.7393931776583,44.3408086973031
113,02b85217-309a-49b0-8419-343ef867b8e5,3,11/7/2023 3:19:00 PM,44.338354157319465,-78.73703842939433,263.623242966831,4.9401251787166895,3.069153018570146,193,Deciduous,Deciduous,Introduced,Introduced,1,0,12,5,1.5,0.477464829275686,"8,3",Newly planted tree of about 1 year old,11/7/2023 10:31:13 PM,suachary@flemingcollege.ca_Fleming,11/7/2023 10:31:13 PM,suachary@flemingcollege.ca_Fleming,-78.7370384293943,44.3383541573195
114,6dcd6c44-09e1-4a30-af36-f62b82023ae4,3,11/7/2023 3:31:00 PM,44.33770929220779,-78.73839610431364,265.648170904256,4.561042251712256,5.845879988104769,290,Conifer,Conifer,Native,Native,3,10,18,3.5,1.5,0.477464829275686,"4,5,3",Tree looks healthy with some dead leaves and some pruning recommended ,11/7/2023 10:31:14 PM,suachary@flemingcollege.ca_Fleming,11/7/2023 10:31:14 PM,suachary@flemingcollege.ca_Fleming,-78.7383961043136,44.3377092922078
116,b3b0d288-afa3-40d7-8309-eba5a250d8af,3,11/7/2023 6:57:00 PM,44.36697565263297,-78.75821202991445,273.979942905717,14.799291374322545,15.864980659838162,17,Deciduous,Deciduous,Naturalized,Naturalized,2,30,30,15,2.5,0.7957747154594768,"4,5,3,8",Leaves of the tree are infested else the plant look healthy ,11/7/2023 10:31:16 PM,suachary@flemingcollege.ca_Fleming,11/7/2023 10:31:16 PM,suachary@flemingcollege.ca_Fleming,-78.7582120299144,44.366975652633
117,f2c70a8f-d59b-4d23-abd1-9178122dd2c9,3,11/7/2023 7:11:00 PM,44.361737768324694,-78.75545913638376,272.743135537021,4.889737016614687,3.1488107185311955,224,Deciduous,Deciduous,Introduced,Introduced,1,10,12,5,1.25,0.3978873577297384,"3,8",Tree looks fine and healthy ,11/7/2023 10:31:16 PM,suachary@flemingcollege.ca_Fleming,11/7/2023 10:31:16 PM,suachary@flemingcollege.ca_Fleming,-78.7554591363838,44.3617377683247
119,0446c8b2-9940-44ff-a026-4fcdc118b647,3,11/7/2023 7:35:00 PM,44.348651050132105,-78.74988423602201,274.997477211989,4.8465099882567335,3.2149460285542197,123,Deciduous,Deciduous,Native,Native,3,20,13,3,1.5,0.477464829275686,"2,4",Dieback and dying,11/7/2023 10:31:18 PM,suachary@flemingcollege.ca_Fleming,11/7/2023 10:31:18 PM,suachary@flemingcollege.ca_Fleming,-78.749884236022,44.3486510501321
120,5f0d2ecb-f41c-4e6f-84df-c0cea0875465,3,11/7/2023 10:34:00 PM,44.34101465772624,-78.73994266913121,267.259342602454,6.117495734436643,1.0272038073092462,178,Conifer,Conifer,Native,Native,3,20,15,4,1.5,0.477464829275686,"4,5,2",Tree needs pruning. Dead leaves can be seen,11/7/2023 10:36:23 PM,suachary@flemingcollege.ca_Fleming,11/7/2023 10:36:23 PM,suachary@flemingcollege.ca_Fleming,-78.7399426691312,44.3410146577262
122,99f7f056-da2d-40e0-9afa-ed34149d3695,3,11/7/2023 10:48:00 PM,44.34101605627584,-78.73992985279915,267.282050354406,15.316399258569753,1.0522897254337558,64,Deciduous,Deciduous,Introduced,Introduced,3,30,9,3,1,0.3183098861837907,"2,4",Plants leaves has disease as yellow and brown patches seen in leaves.,11/7/2023 10:51:40 PM,suachary@flemingcollege.ca_Fleming,11/7/2023 10:51:40 PM,suachary@flemingcollege.ca_Fleming,-78.7399298527992,44.3410160562758
